date,stage,stage_anomaly_swotdates,storage,swot_wse_anomaly,swot_wse_error,swot_wse_abs_error,wsa,swot_wsa,swot_wsa_resid,s2_wsa,s2_wsa_resid,swot_quality_f,swot_wse_std,swot_wse_u,swot_xovr_cal_q,swot_ice_clim_f,swot_partial_f,ice,clim_ice,s2_ice,s2_coverage,swot_wse,stage_anomaly_alldates,swot_lake_id,gage_id,data_source,swot_area_det_u,swot_area_detct,swot_continent_id,swot_crid,swot_cycle_id,swot_dark_frac,swot_dry_trop_c,swot_geoid_hght,swot_ice_dyn_f,swot_iono_c,swot_lake_name,swot_layovr_val,swot_load_tidef,swot_load_tideg,swot_p_lat,swot_p_lon,swot_p_ref_area,swot_p_ref_wse,swot_p_storage,swot_pass_id,swot_pole_tide,swot_solid_tide,swot_time_str,swot_time_tai,swot_wet_trop_c,swot_wse_error_alldates,swot_wse_r_u,swot_xovr_cal_c,variable_area,adaptive_filter,swot_opt_dis,swot_opt_con,swot_filt_dis,swot_filt_con,swots2_opt_dis,swots2_opt_con,swots2_filt_dis,swots2_filt_con,s2_opt_dis,s2_opt_con,s2_filt_dis,s2_filt_con,static_opt_dis,static_opt_con,static_filt_dis,static_filt_con,storage_anomaly_opt,storage_anomaly_filt
2025-04-29,492.6910724210527,0.136082171052692,145096200.0,0.0289999999999972,-0.1070821710526948,0.1070821710526948,31.82872714668656,3.135721,-28.69300614668656,,,1.0,0.434,0.012,1.0,0.0,1.0,0.0,0,,,492.313,0.1521476710526599,7420206313,7238500,NWIS,0.010469,3.071348,,PIC2,32.0,0.020529,-2.180875,-28.142948,-999.0,-0.004122,CANTON LAKE,0.002,-0.004527,-0.004542,36.122005,-98.607394,26.0946,,,37.0,-0.000291,-0.030302,2025-04-29 08:19:41+00:00,799230018.702,-0.169389,-0.1231476710526626,0.01,-0.825555,1,0,699.035916851064,699.035916851064,699.035916851064,699.035916851064,724.5372958662301,724.5372958662301,724.5372958662301,724.5372958662301,,-8.732175524903141,,-8.732175524903141,613.5027726425742,613.5027726425742,613.5027726425742,613.5027726425742,3494.078947368421,3494.078947368421
2025-04-30,492.704628,0.1496377500000107,145514663.5,,,,31.933562400798795,,,,,,,,,,,0.0,0,,,,0.1657032499999786,7420206313,7238500,NWIS,,,,,,,,,,,,,,,,,,,,,,,,,,,,,1,1,,1173.266921467739,,1173.266921467739,,1216.7479077007465,,1216.7479077007465,,483.4784363096133,,483.4784363096133,,1030.261552679547,,1030.261552679547,3833.3333333333335,3833.3333333333335
2025-05-01,492.726853,0.1718627500000025,146216205.25,,,,32.10544465914488,,,29.772590588626,-2.332854070518877,,,,,,,0.0,0,,100.0,,0.1879282499999703,7420206313,7238500,NWIS,,,,,,,,,,,,,,,,,,,,,,,,,,,,,1,1,,1647.0423522865349,,1647.0423522865349,,1708.969099136526,,1708.969099136526,-208.32961754321695,-208.32961754321695,-208.32961754321695,-208.32961754321695,,1447.0203327165236,,1447.0203327165236,4402.083333333333,4402.083333333333
2025-05-02,492.7412675000001,0.1862772500001028,146671051.0,,,,32.21692258098745,,,,,,,,,,,0.0,0,,,,0.2023427500000707,7420206313,7238500,NWIS,,,,,,,,,,,,,,,,,,,,,,,,,,,,,1,1,,2120.333607017192,,2120.333607017192,,2201.196716021417,,2201.196716021417,,-1103.2548642774,,-1103.2548642774,,1863.7791127534963,,1863.7791127534963,4770.833333333333,4770.833333333333
2025-05-03,492.74882400000007,0.193833750000067,146907468.0,,,,32.27536254882479,,,29.440343133237,-2.835019415587788,,,,,,,0.0,0,,100.0,,0.2098992500000349,7420206313,7238500,NWIS,,,,,,,,,,,,,,,,,,,,,,,,,,,,,1,1,,2593.1120833694604,,2593.1120833694604,,2693.426604203265,,2693.426604203265,-904.7543396814654,-904.7543396814654,-904.7543396814654,-904.7543396814654,,2280.5378927904712,,2280.5378927904712,4962.5,4962.5
2025-05-03,492.74882400000007,0.193833750000067,146907468.0,,,,32.27536254882479,,,29.829714037737,-2.4456485110877857,,,,,,,0.0,0,,100.0,,0.2098992500000349,7420206313,7238500,NWIS,,,,,,,,,,,,,,,,,,,,,,,,,,,,,1,1,,,,,,,,,352.0674126625945,352.0674126625945,352.0674126625945,352.0674126625945,,,,,4962.5,4962.5
2025-05-04,492.7521260000001,0.1971357500000863,147041095.0,,,,32.300899341493604,,,,,,,,,,,0.0,0,,,,0.2132012500000542,7420206313,7238500,NWIS,,,,,,,,,,,,,,,,,,,,,,,,,,,,,1,1,,3065.3491790530825,,3065.3491790530825,,3185.6546095299163,,3185.6546095299163,,218.04229694923924,,218.04229694923924,,2697.296672827446,,2697.296672827446,5070.833333333333,5070.833333333333
2025-05-05,492.7573965000001,0.2024062500000809,147246675.0,,,,32.34165999132967,,,,,,,,,,,0.0,0,,,,0.2184717500000488,7420206313,7238500,NWIS,,,,,,,,,,,,,,,,,,,,,,,,,,,,,1,1,,3537.0162917778052,,3537.0162917778052,,3677.876577849225,,3677.876577849225,,90.24196817853772,,90.24196817853772,,3114.0554528644207,,3114.0554528644207,5237.5,5237.5
2025-05-06,492.7737160000001,0.2187257500000896,147706660.25,,,,32.46787067817259,,,,,,,,,,,0.0,0,,,,0.2347912500000575,7420206313,7238500,NWIS,,,,,,,,,,,,,,,,,,,,,,,,,,,,,1,1,,4008.0848192533704,,4008.0848192533704,,4170.088355009031,,4170.088355009031,,-31.333632252632015,,-31.333632252632015,,3530.8142329013954,,3530.8142329013954,5610.416666666667,5610.416666666667
2025-05-07,492.808514,0.2535237499999994,148839920.0,,,,32.73698918552542,,,,,,,,,,,0.0,0,,,,0.2695892499999672,7420206313,7238500,NWIS,,,,,,,,,,,,,,,,,,,,,,,,,,,,,1,1,,4478.526159189525,,4478.526159189525,,4662.2857868571955,,4662.2857868571955,,-146.68457652716825,,-146.68457652716825,,3947.573012938368,,3947.573012938368,6529.166666666667,6529.166666666667
2025-05-08,492.8144195,0.2594292499999824,148996674.75,,,,32.78266075702858,,,16.315739303784,-16.46692145324458,,,,,,,0.0,0,,69.0,,0.2754947499999503,7420206313,7238500,NWIS,,,,,,,,,,,,,,,,,,,,,,,,,,,,,1,1,,4948.311709296009,,4948.311709296009,,5154.464719241549,,5154.464719241549,,-255.81094794400633,,-255.81094794400633,,4364.331792975343,,4364.331792975343,6656.25,6656.25
2025-05-09,492.80356100000006,0.2485707500000558,148665177.0,0.2259999999999999,-0.0225707500000558,0.0225707500000558,32.6986839965229,28.63952,-4.059163996522901,,,0.0,0.174,0.002,0.0,0.0,0.0,0.0,0,,,492.51,0.2646362500000236,7420206313,7238500,NWIS,0.021792,26.952192,,PID0,32.0,0.058916,-2.195416,-28.057326,-999.0,-0.002563,CANTON LAKE,0.005,-0.003183,-0.002855,36.122005,-98.607394,26.0946,492.253,,315.0,-0.000517,0.010722,2025-05-09 06:41:52+00:00,800088149.872,-0.125789,-0.0386362500000236,0.002,-0.612737,1,0,5417.412867282577,5417.412867282577,5417.412867282577,5417.412867282577,5646.620998009952,5646.620998009952,5646.620998009952,5646.620998009952,,-358.71283860023505,,-358.71283860023505,4781.090573012318,4781.090573012318,4781.090573012318,4781.090573012318,6387.5,6387.5
2025-05-10,492.7897815,0.2347912500000006,148220610.25,,,,32.592116996347904,,,,,,,,,,,0.0,0,,,,0.2508567499999685,7420206313,7238500,NWIS,,,,,,,,,,,,,,,,,,,,,,,,,,,,,1,1,,5322.220660883593,,5322.220660883593,,5546.692823329917,,5546.692823329917,,-455.3903471594258,,-455.3903471594258,,4696.469500923669,,4696.469500923669,6027.083333333333,6027.083333333333
2025-05-11,492.774351,0.2193607500000212,147727218.25,,,,32.47278159983921,,,29.729450438521003,-2.7433311613182063,,,,,,,0.0,0,,100.0,,0.235426249999989,7420206313,7238500,NWIS,,,,,,,,,,,,,,,,,,,,,,,,,,,,,1,1,,5226.9992989036455,,5226.9992989036455,,5446.763578206006,,5446.763578206006,-545.8435767686569,-545.8435767686569,-545.8435767686569,-545.8435767686569,,4611.848428835023,,4611.848428835023,5627.083333333333,5627.083333333333
2025-05-12,492.7575870000001,0.2025967500001115,147213268.25,,,,32.34313326783037,,,,,,,,,,,0.0,0,,,,0.2186622500000794,7420206313,7238500,NWIS,,,,,,,,,,,,,,,,,,,,,,,,,,,,,1,1,,5131.749020774683,,5131.749020774683,,5346.833297412928,,5346.833297412928,,-1158.620780185276,,-1158.620780185276,,4527.227356746376,,4527.227356746376,5210.416666666667,5210.416666666667
2025-05-13,492.737775,0.1827847499999961,146560551.75,,,,32.18991251181793,,,29.373751232464,-2.816161279353928,,,,,,,0.0,0,,100.0,,0.198850249999964,7420206313,7238500,NWIS,,,,,,,,,,,,,,,,,,,,,,,,,,,,,1,1,,5036.4700659286555,,5036.4700659286555,,5246.902015725422,,5246.902015725422,-518.1781264706169,-518.1781264706169,-518.1781264706169,-518.1781264706169,,4442.606284657726,,4442.606284657726,4681.25,4681.25
2025-05-14,492.7215825,0.1665922500000078,146074869.0,,,,32.06468400930881,,,,,,,,,,,0.0,0,,,,0.1826577499999757,7420206313,7238500,NWIS,,,,,,,,,,,,,,,,,,,,,,,,,,,,,1,1,,4941.162673797517,,4941.162673797517,,5146.969767918197,,5146.969767918197,,-1133.510678638173,,-1133.510678638173,,4357.9852125690795,,4357.9852125690795,4287.5,4287.5
2025-05-15,492.7006275,0.1456372499999929,145396455.0,,,,31.90262359429645,,,,,,,,,,,0.0,0,,,,0.1617027499999608,7420206313,7238500,NWIS,,,,,,,,,,,,,,,,,,,,,,,,,,,,,1,1,,4845.827083813219,,4845.827083813219,,5047.036588765985,,5047.036588765985,,-925.4944783171868,,-925.4944783171868,,4273.364140480431,,4273.364140480431,3737.5,3737.5
2025-05-16,492.6779580000001,0.1229677500001003,144676925.0,,,,31.727303690784453,,,29.806218325268,-1.921085365516454,,,,,,,0.0,0,,100.0,,0.1390332500000681,7420206313,7238500,NWIS,,,,,,,,,,,,,,,,,,,,,,,,,,,,,1,1,,4750.463535407713,,4750.463535407713,,4947.102513043512,,4947.102513043512,105.912318200144,105.912318200144,105.912318200144,105.912318200144,,4188.743068391785,,4188.743068391785,3154.1666666666665,3154.1666666666665
2025-05-17,492.6560505,0.101060249999989,143983092.5,,,,31.55787689327097,,,,,,,,,,,0.0,0,,,,0.1171257499999569,7420206313,7238500,NWIS,,,,,,,,,,,,,,,,,,,,,,,,,,,,,1,1,,4655.072268012949,,4655.072268012949,,4847.167575525504,,4847.167575525504,,-582.9466209255588,,-582.9466209255588,,4104.121996303138,,4104.121996303138,2591.6666666666665,2591.6666666666665
2025-05-18,492.636048,0.0810577500000135,143356073.5,,,,31.40318286075973,,,,,,,,,,,0.0,0,,,,0.0971232499999814,7420206313,7238500,NWIS,,,,,,,,,,,,,,,,,,,,,,,,,,,,,1,1,,4559.65352106088,,4559.65352106088,,4747.231810986674,,4747.231810986674,,-1004.2264870745768,,-1004.2264870745768,,4019.5009242144897,,4019.5009242144897,2083.3333333333335,2083.3333333333335
2025-05-19,492.6157280000001,0.0607377500001007,142685368.75,0.1860000000000363,0.1252622499999356,0.1252622499999356,31.24603336741543,31.218447,-0.0275863674154273,,,0.0,0.145,0.002,0.0,0.0,0.0,0.0,0,,,492.47,0.0768032500000686,7420206313,7238500,NWIS,0.027156,31.161783,,PID0,33.0,0.001815,-2.153914,-28.064487,-999.0,-0.004876,CANTON LAKE,0.014,0.001769,0.003149,36.122005,-98.607394,26.0946,492.253,,22.0,-0.000697,-0.049394,2025-05-19 15:51:49+00:00,800985146.65,-0.1098,0.1091967499999677,0.001,0.114576,1,0,4464.2075339834555,4464.2075339834555,4464.2075339834555,4464.2075339834555,4647.295254201757,4647.295254201757,4647.295254201757,4647.295254201757,,-1157.9529127884523,,-1157.9529127884523,3934.879852125842,3934.879852125842,3934.879852125842,3934.879852125842,1539.5833333333333,1539.5833333333333
2025-05-20,492.60804450000006,0.0530542500000592,142466940.0,-0.0179999999999713,-0.0710542500000306,0.0710542500000306,31.18661121524381,3.000313,-28.186298215243813,29.477517989904,-1.70909322533981,1.0,0.342,0.01,0.0,0.0,1.0,0.0,0,33.0,100.0,492.266,0.0691197500000271,7420206313,7238500,NWIS,0.008881,2.998117,,PID0,33.0,0.000732,-2.15371,-28.128709,-999.0,-0.00345,CANTON LAKE,0.001,-0.009819,-0.0101,36.122005,-98.607394,26.0946,492.253,,37.0,-0.000697,-0.040214,2025-05-20 05:04:46+00:00,801032723.38,-0.100544,-0.0871197499999985,0.008,-0.074968,1,0,-434.04928029683833,-434.04928029683833,-434.04928029683833,-434.04928029683833,-449.7050274595622,-449.7050274595622,-449.7050274595622,-449.7050274595622,-1044.1373119004002,-1044.1373119004002,-1044.1373119004002,-1044.1373119004002,-380.79482439927233,-380.79482439927233,-380.79482439927233,-380.79482439927233,1362.5,1362.5
2025-05-21,492.576993,0.0220027500000128,141482725.75,,,,30.946467145725727,,,29.774921438207,-1.1715457075187246,,,,,,,0.0,0,,100.0,,0.0380682499999807,7420206313,7238500,NWIS,,,,,,,,,,,,,,,,,,,,,,,,,,,,,1,1,,-342.3570659782845,,-342.3570659782845,,-354.770743505067,,-354.770743505067,-187.99387897877932,-187.99387897877932,-187.99387897877932,-187.99387897877932,,-300.40480591508094,,-300.40480591508094,564.5833333333334,564.5833333333334
2025-05-22,492.5572445,0.0022542500000213,140850567.25,,,,30.79373748188114,,,,,,,,,,,0.0,0,,,,0.0183197499999892,7420206313,7238500,NWIS,,,,,,,,,,,,,,,,,,,,,,,,,,,,,1,1,,-250.67840461435844,,-250.67840461435844,,-259.83557238984395,,-259.83557238984395,,-163.5173970132928,,-163.5173970132928,,-220.0147874308905,,-220.0147874308905,52.083333333333336,52.083333333333336
2025-05-23,492.544227,-0.0107632500000249,140470244.25,,,,30.693063587706565,,,,,,,,,,,0.0,0,,,,0.0053022499999428,7420206313,7238500,NWIS,,,,,,,,,,,,,,,,,,,,,,,,,,,,,1,1,,-159.01350148802155,,-159.01350148802155,,-164.89954392886466,,-164.89954392886466,,-138.73612688883804,,-138.73612688883804,,-139.62476894669908,,-139.62476894669908,-256.25,-256.25
2025-05-24,492.541306,-0.0136842499999829,140372593.75,,,,30.67047334803868,,,,,,,,,,,0.0,0,,,,0.0023812499999849,7420206313,7238500,NWIS,,,,,,,,,,,,,,,,,,,,,,,,,,,,,1,1,,-67.36256188225525,,-67.36256188225525,,-69.9626879371117,,-69.9626879371117,,-113.6500676425967,,-113.6500676425967,,-59.23475046250769,,-59.23475046250769,-335.4166666666667,-335.4166666666667
2025-05-25,492.55324400000006,-0.0017462499999396,140737498.25,,,,30.76279867537928,,,,,,,,,,,0.0,0,,,,0.0143192500000282,7420206313,7238500,NWIS,,,,,,,,,,,,,,,,,,,,,,,,,,,,,1,1,,24.27420891998736,,24.27420891998736,,24.97496577043603,,24.97496577043603,,-88.25921834166547,,-88.25921834166547,,21.155268021682787,,21.155268021682787,-39.583333333333336,-39.583333333333336
2025-05-26,492.5672775,0.0122872499999857,141215471.75,,,,30.87133004421997,,,,,,,,,,,0.0,0,,,,0.0283527499999536,7420206313,7238500,NWIS,,,,,,,,,,,,,,,,,,,,,,,,,,,,,1,1,,115.8966056357258,,115.8966056357258,,119.91338737879778,,119.91338737879778,,-62.56357807007225,,-62.56357807007225,,101.54528650587326,,101.54528650587326,347.9166666666667,347.9166666666667
2025-05-27,492.594519,0.0395287499999881,142058349.75,,,,31.082008583735465,,,,,,,,,,,0.0,0,,,,0.0555942499999559,7420206313,7238500,NWIS,,,,,,,,,,,,,,,,,,,,,,,,,,,,,1,1,,207.50442298199417,,207.50442298199417,,214.8525470730001,,214.8525470730001,,-36.563145927178994,,-36.563145927178994,,181.93530499006465,,181.93530499006465,1031.25,1031.25
2025-05-28,492.60804450000006,0.0530542500000592,142443812.25,,,,31.18661121524381,,,,,,,,,,,0.0,0,,,,0.0691197500000271,7420206313,7238500,NWIS,,,,,,,,,,,,,,,,,,,,,,,,,,,,,1,1,,299.09745567582286,,299.09745567582286,,309.79241503805497,,309.79241503805497,,-10.257921057322164,,-10.257921057322164,,262.32532347425604,,262.32532347425604,1343.75,1343.75
2025-05-29,492.6230129361703,0.068022686170309,142918341.19148937,,,,31.302373132582662,,,,,,,,,,,0.0,0,,,,0.0840881861702769,7420206313,7238500,NWIS,,,,,,,,,,,,,,,,,,,,,,,,,,,,,1,1,,390.6754984342406,,390.6754984342406,,404.7329614589944,,404.7329614589944,,16.352097385850357,,16.352097385850357,,342.7153419584465,,342.7153419584465,1728.4574468085164,1728.4574468085164
2025-05-30,492.6325555,0.0775652500000205,143201888.5,0.0199999999999827,-0.0575652500000378,0.0575652500000378,31.376172791591166,28.439281,-2.936891791591165,,,0.0,0.178,0.002,0.0,0.0,0.0,0.0,0,,,492.304,0.0936307499999884,7420206313,7238500,NWIS,0.021848,27.871075,,PID0,33.0,0.01998,-2.193995,-28.055211,-999.0,-0.003764,CANTON LAKE,0.006,-0.014765,-0.01594,36.122005,-98.607394,26.0946,492.253,,315.0,-0.000824,-0.119618,2025-05-30 03:27:00+00:00,801890857.179,-0.15631,-0.0736307500000057,0.002,1.018189,1,0,482.2383459742832,482.2383459742832,482.2383459742832,482.2383459742832,499.67415652082855,499.67415652082855,499.67415652082855,499.67415652082855,,43.266910215366806,,43.266910215366806,423.105360442637,423.105360442637,423.105360442637,423.105360442637,1958.3333333333333,1958.3333333333333
2025-05-31,492.617633,0.062642750000009,142762461.25,,,,31.26076613241577,,,29.802654512461,-1.4581116199547708,,,,,,,0.0,0,,100.0,,0.0787082499999769,7420206313,7238500,NWIS,,,,,,,,,,,,,,,,,,,,,,,,,,,,,1,1,,802.5856862473083,,802.5856862473083,,831.9730168310689,,831.9730168310689,70.48651821818021,70.48651821818021,70.48651821818021,70.48651821818021,,704.470425137727,,704.470425137727,1602.0833333333333,1602.0833333333333
2025-06-01,492.600488,0.0454977499999813,142227953.25,,,,31.12817124740553,,,,,,,,,,,0.0,0,,,,0.0615632499999492,7420206313,7238500,NWIS,,,,,,,,,,,,,,,,,,,,,,,,,,,,,1,1,,1122.735568871516,,1122.735568871516,,1164.2781794415932,,1164.2781794415932,,-543.5296553987009,,-543.5296553987009,,985.835489832818,,985.835489832818,1168.75,1168.75
2025-06-02,492.5795965,0.0246062499999766,141575236.75,,,,30.966601924560543,,,28.451969815497,-2.5146321090635446,,,,,,,0.0,0,,98.0,,0.0406717499999444,7420206313,7238500,NWIS,,,,,,,,,,,,,,,,,,,,,,,,,,,,,1,1,,1442.6791923395976,,1442.6791923395976,,1496.5883660351735,,1496.5883660351735,,-947.1192121544264,,-947.1192121544264,,1267.200554527908,,1267.200554527908,639.5833333333334,639.5833333333334
2025-06-03,492.5827715,0.0277812499999754,141660038.5,,,,30.99115653289556,,,,,,,,,,,0.0,0,,,,0.0438467499999433,7420206313,7238500,NWIS,,,,,,,,,,,,,,,,,,,,,,,,,,,,,1,1,,1762.4077551442442,,1762.4077551442442,,1828.9022982945753,,1828.9022982945753,,-1140.300960417646,,-1140.300960417646,,1548.565619222998,,1548.565619222998,708.3333333333334,708.3333333333334
2025-06-04,492.5956424615385,0.0406522115384859,142068431.07692307,,,,31.09069713745451,,,,,,,,,,,0.0,0,,,,0.0567177115384538,7420206313,7238500,NWIS,,,,,,,,,,,,,,,,,,,,,,,,,,,,,1,1,,2081.912455778147,,2081.912455778147,,2161.218697902561,,2161.218697902561,,-1123.0860162220815,,-1123.0860162220815,,1829.9306839180863,,1829.9306839180863,1039.4230769230733,1039.4230769230733
2025-06-05,492.5921438297872,0.0371535797871729,141973548.0,,,,31.063639646946907,,,,,,,,,,,0.0,0,,,,0.0532190797871408,7420206313,7238500,NWIS,,,,,,,,,,,,,,,,,,,,,,,,,,,,,1,1,,2401.1844927339953,,2401.1844927339953,,2493.5362865419047,,2493.5362865419047,,-895.4733334509656,,-895.4733334509656,,2111.295748613178,,2111.295748613178,962.5,962.5
2025-06-06,492.6285252765957,0.0735350265957208,143115173.10638297,,,,31.34500411215925,,,,,,,,,,,0.0,0,,,,0.0896005265956887,7420206313,7238500,NWIS,,,,,,,,,,,,,,,,,,,,,,,,,,,,,1,1,,2720.2150645044803,,2720.2150645044803,,2825.853785895373,,2825.853785895373,,-457.45010217738854,,-457.45010217738854,,2392.660813308268,,2392.660813308268,1888.0319148936069,1888.0319148936069
2025-06-07,492.6476685,0.0926782500000058,143720978.0,,,,31.49305272726631,,,29.29254804598,-2.2005046812863114,,,,,,,0.0,0,,100.0,,0.1087437499999737,7420206313,7238500,NWIS,,,,,,,,,,,,,,,,,,,,,,,,,,,,,1,1,,3038.995369582297,,3038.995369582297,,3158.169917645728,,3158.169917645728,191.0029849048551,191.0029849048551,191.0029849048551,191.0029849048551,,2674.0258780033582,,2674.0258780033582,2379.1666666666665,2379.1666666666665
2025-06-08,492.65586,0.1008697500000153,144001080.75,,,,31.55640361677122,,,,,,,,,,,0.0,0,,,,0.1169352499999831,7420206313,7238500,NWIS,,,,,,,,,,,,,,,,,,,,,,,,,,,,,1,1,,3357.5166064601326,,3357.5166064601326,,3490.4834034757405,,3490.4834034757405,,-487.40279656010534,,-487.40279656010534,,2955.3909426984465,,2955.3909426984465,2606.25,2606.25
2025-06-09,492.7279325,0.1729422500000055,146267600.25,0.1530000000000209,-0.0199422499999846,0.0199422499999846,32.11379322597885,27.888953,-4.224840225978852,29.446416473403,-2.667376752575855,0.0,0.134,0.002,0.0,0.0,0.0,0.0,0,,100.0,492.437,0.1890077499999733,7420206313,7238500,NWIS,0.021734,24.767667,,PID0,34.0,0.111918,-2.181853,-28.062495,-999.0,-0.003702,CANTON LAKE,0.007,0.007913,0.008331,36.122005,-98.607394,26.0946,492.253,,22.0,-0.000887,-0.04807,2025-06-09 12:36:54+00:00,802787851.852,-0.163636,-0.0360077499999524,0.001,-1.378353,1,0,3675.7699736306786,3675.7699736306786,3675.7699736306786,3675.7699736306786,3822.792965068176,3822.792965068176,3822.792965068176,3822.792965068176,-931.2677211548034,-931.2677211548034,-931.2677211548034,-931.2677211548034,3236.7560073935383,3236.7560073935383,3236.7560073935383,3236.7560073935383,4443.75,4443.75
2025-06-10,492.7504115,0.1954212499999812,146997409.25,0.1089999999999813,-0.0864212499999999,0.0864212499999999,32.28763985299158,2.004148,-30.28349185299158,,,1.0,0.742,0.131,0.0,0.0,1.0,0.0,0,,,492.393,0.2114867499999491,7420206313,7238500,NWIS,0.001403,0.054585,,PID0,34.0,0.972764,-2.179752,-28.125769,-999.0,-0.004296,CANTON LAKE,0.004,-0.011465,-0.012843,36.122005,-98.607394,26.0946,492.253,,37.0,-0.000886,-0.131419,2025-06-10 01:49:51+00:00,802835428.666,-0.133784,-0.1024867499999677,0.118,-2.544841,1,0,2621.893568442778,2621.893568442778,2621.893568442778,2621.893568442778,2723.4101318697285,2723.4101318697285,2723.4101318697285,2723.4101318697285,,-985.0485091302036,,-985.0485091302036,2305.924214416731,2305.924214416731,2305.924214416731,2305.924214416731,5035.416666666667,5035.416666666667
2025-06-11,492.761778,0.2067877499999895,147339186.0,,,,32.37554535083151,,,,,,,,,,,0.0,0,,,,0.2228532499999573,7420206313,7238500,NWIS,,,,,,,,,,,,,,,,,,,,,,,,,,,,,1,1,,2403.58413080446,,2403.58413080446,,2496.034916291055,,2496.034916291055,,-1031.5849363300931,,-1031.5849363300931,,2113.4112754149846,,2113.4112754149846,5312.5,5312.5
2025-06-12,492.7599365,0.2049462499999776,147272372.5,,,,32.361303677997114,,,31.762975058657,-0.5983286193401121,,,,,,,0.0,0,,63.0,,0.2210117499999455,7420206313,7238500,NWIS,,,,,,,,,,,,,,,,,,,,,,,,,,,,,1,1,,2185.161621697456,,2185.161621697456,,2268.659654414205,,2268.659654414205,,-1070.8770958562072,,-1070.8770958562072,,1920.8983364132384,,1920.8983364132384,5258.333333333333,5258.333333333333
2025-06-13,492.7460935,0.1911032499999692,146835515.0,,,,32.25424558565569,,,,,,,,,,,0.0,0,,,,0.207168749999937,7420206313,7238500,NWIS,,,,,,,,,,,,,,,,,,,,,,,,,,,,,1,1,,1966.6288603245011,,1966.6288603245011,,2041.2847556957968,,2041.2847556957968,,-1102.9250684514682,,-1102.9250684514682,,1728.3853974114936,,1728.3853974114936,4904.166666666667,4904.166666666667
2025-06-14,492.73206,0.1770697499999869,146383239.0,,,,32.14571421681452,,,,,,,,,,,0.0,0,,,,0.1931352499999548,7420206313,7238500,NWIS,,,,,,,,,,,,,,,,,,,,,,,,,,,,,1,1,,1747.988665888328,,1747.988665888328,,1813.9106295924612,,1813.9106295924612,,-1127.7289214023422,,-1127.7289214023422,,1535.872458409749,,1535.872458409749,4537.5,4537.5
2025-06-15,492.7228525,0.1678622499999846,146108275.75,,,,32.07450585264254,,,,,,,,,,,0.0,0,,,,0.1839277499999525,7420206313,7238500,NWIS,,,,,,,,,,,,,,,,,,,,,,,,,,,,,1,1,,1529.2438575916676,,1529.2438575916676,,1586.5376855608065,,1586.5376855608065,,-1145.288707696733,,-1145.288707696733,,1343.3595194080026,,1343.3595194080026,4314.583333333333,4314.583333333333
2025-06-16,492.70805700000005,0.1530667500000504,145635441.75,,,,31.960081377801416,,,,,,,,,,,0.0,0,,,,0.1691322500000183,7420206313,7238500,NWIS,,,,,,,,,,,,,,,,,,,,,,,,,,,,,1,1,,1310.3972546372624,,1310.3972546372624,,1359.166333057461,,1359.166333057461,,-1155.6044652953242,,-1155.6044652953242,,1150.8465804062562,,1150.8465804062562,3931.25,3931.25
2025-06-17,492.6853240000001,0.1303337500000907,144928760.5,,,,31.78427038212204,,,29.554590947065,-2.22967943505704,,,,,,,0.0,0,,100.0,,0.1463992500000586,7420206313,7238500,NWIS,,,,,,,,,,,,,,,,,,,,,,,,,,,,,1,1,,1091.45167622784,,1091.45167622784,,1131.7969815390406,,1131.7969815390406,-1158.6762166868684,-1158.6762166868684,-1158.6762166868684,-1158.6762166868684,,958.3336414045098,,958.3336414045098,3358.3333333333335,3358.3333333333335
2025-06-18,492.69821450000006,0.1432242500000597,145306513.75,,,,31.88396209196233,,,,,,,,,,,0.0,0,,,,0.1592897500000276,7420206313,7238500,NWIS,,,,,,,,,,,,,,,,,,,,,,,,,,,,,1,1,,872.4099415661403,,872.4099415661403,,904.4300404621754,,904.4300404621754,,-1023.7177077233227,,-1023.7177077233227,,765.8207024027652,,765.8207024027652,3664.5833333333335,3664.5833333333335
2025-06-19,492.6931345,0.1381442499999821,145175456.5,,,,31.844674718625544,,,,,,,,,,,0.0,0,,,,0.1542097499999499,7420206313,7238500,NWIS,,,,,,,,,,,,,,,,,,,,,,,,,,,,,1,1,,653.2748698548949,,653.2748698548949,,677.0659192834737,,677.0659192834737,,-625.4668481198514,,-625.4668481198514,,573.3077634010197,,573.3077634010197,3558.3333333333335,3558.3333333333335
2025-06-20,492.671989,0.1169987499999933,144486763.5,0.0180000000000299,-0.0989987499999633,0.0989987499999633,31.68114102711344,31.195404,-0.4857370271134407,29.79914586668,-1.8819951604334408,0.0,0.208,0.002,0.0,0.0,0.0,0.0,0,,100.0,492.302,0.1330642499999612,7420206313,7238500,NWIS,0.030247,31.158465,,PID0,34.0,0.001184,-2.181457,-28.060259,-999.0,-0.004548,CANTON LAKE,0.008,-0.001071,-0.001943,36.122005,-98.607394,26.0946,492.253,,315.0,-0.000824,0.013183,2025-06-20 00:12:03+00:00,803693560.494,-0.16952,-0.1150642499999312,0.002,1.437264,1,0,434.04928029683833,434.04928029683833,434.04928029683833,434.04928029683833,449.705027459564,449.705027459564,449.705027459564,449.705027459564,36.10079362025863,36.10079362025863,36.10079362025863,36.10079362025863,380.7948243992733,380.7948243992733,380.7948243992733,380.7948243992733,3000.0,3000.0
2025-06-21,492.6443665,0.0893762499999866,143623327.5,,,,31.46751593459749,,,,,,,,,,,0.0,0,,,,0.1054417499999544,7420206313,7238500,NWIS,,,,,,,,,,,,,,,,,,,,,,,,,,,,,1,1,,202.68332570863095,,202.68332570863095,,209.85573127664247,,209.85573127664247,,-1103.5944959210065,,-1103.5944959210065,,177.704251386328,,177.704251386328,2300.0,2300.0
2025-06-22,492.621697,0.0667067499999802,142888379.0,,,,31.292196031084536,,,29.413463281578,-1.878732749506536,,,,,,,0.0,0,,100.0,,0.0827722499999481,7420206313,7238500,NWIS,,,,,,,,,,,,,,,,,,,,,,,,,,,,,1,1,,-28.77691958860487,,-28.77691958860487,,-29.989034514268496,,-29.989034514268496,-769.8609908619237,-769.8609908619237,-769.8609908619237,-769.8609908619237,,-25.386321626618155,,-25.386321626618155,1704.1666666666667,1704.1666666666667
2025-06-23,492.610394,0.0554037499999822,142533753.5,,,,31.20478162541151,,,,,,,,,,,0.0,0,,,,0.07146924999995,7420206313,7238500,NWIS,,,,,,,,,,,,,,,,,,,,,,,,,,,,,1,1,,-260.3281456875775,,-260.3281456875775,,-269.82878918738425,,-269.82878918738425,,-791.3858438320422,,-791.3858438320422,,-228.4768946395652,,-228.4768946395652,1416.6666666666667,1416.6666666666667
2025-06-24,492.595662,0.0406717500000013,142078907.75,,,,31.09084824273634,,,,,,,,,,,0.0,0,,,,0.0567372499999692,7420206313,7238500,NWIS,,,,,,,,,,,,,,,,,,,,,,,,,,,,,1,1,,-491.96704268099074,,-491.96704268099074,,-509.66305201692194,,-509.66305201692194,,-812.2978074582988,,-812.2978074582988,,-431.5674676525123,,-431.5674676525123,1047.9166666666667,1047.9166666666667
2025-06-25,492.5754055,0.020415249999985,141436470.25,,,,30.934189841557977,,,32.077571616498,1.1433817749400212,,,,,,,0.0,0,,94.0,,0.0364807499999528,7420206313,7238500,NWIS,,,,,,,,,,,,,,,,,,,,,,,,,,,,,1,1,,-723.6903006615457,,-723.6903006615457,,-749.4913422770878,,-749.4913422770878,,-832.5968848169487,,-832.5968848169487,,-634.6580406654575,,-634.6580406654575,527.0833333333334,527.0833333333334
2025-06-26,492.5552125,0.0002222499999788,140791463.0,,,,30.77802253254652,,,,,,,,,,,0.0,0,,,,0.0162877499999467,7420206313,7238500,NWIS,,,,,,,,,,,,,,,,,,,,,,,,,,,,,1,1,,-955.4946097219472,,-955.4946097219472,,-989.3131792420992,,-989.3131792420992,,-852.2830789499585,,-852.2830789499585,,-837.7486136784046,,-837.7486136784046,4.166666666666667,4.166666666666667
2025-06-27,492.53870250000006,-0.0162877499999467,140292931.5,,,,30.65033856920433,,,,,,,,,,,0.0,0,,,,-0.0002222499999788,7420206313,7238500,NWIS,,,,,,,,,,,,,,,,,,,,,,,,,,,,,1,1,,-1187.3766599549044,,-1187.3766599549044,,-1229.1280821861656,,-1229.1280821861656,,-871.3563928325984,,-871.3563928325984,,-1040.8391866913507,,-1040.8391866913507,-400.0,-400.0
2025-06-28,492.527971,-0.0270192500000234,139958864.0,,,,30.567343993030548,,,,,,,,,,,0.0,0,,,,-0.0109537500000556,7420206313,7238500,NWIS,,,,,,,,,,,,,,,,,,,,,,,,,,,,,1,1,,-1419.333141453114,,-1419.333141453114,,-1468.9355703834945,,-1468.9355703834945,,-889.8168294065181,,-889.8168294065181,,-1243.929759704296,,-1243.929759704296,-670.8333333333334,-670.8333333333334
2025-06-29,492.5162235,-0.0387667499999793,139617087.25,,,,30.47649194219112,,,28.861805535867003,-1.6146864063241182,,,,,,,0.0,0,,6.0,,-0.0227012500000114,7420206313,7238500,NWIS,,,,,,,,,,,,,,,,,,,,,,,,,,,,,1,1,,-1651.360744309287,,-1651.360744309287,,-1708.7351631083077,,-1708.7351631083077,,-907.6643915532712,,-907.6643915532712,,-1447.020332717244,,-1447.020332717244,-947.9166666666666,-947.9166666666666
2025-06-30,492.5105085,-0.0444817499999885,139455193.0,-0.0779999999999736,-0.033518249999985,0.033518249999985,30.43229364718771,1.95705,-28.47524364718771,,,0.0,0.295,0.011,0.0,0.0,1.0,0.0,0,,,492.206,-0.0284162500000206,7420206313,7238500,NWIS,0.006168,1.952197,,PID0,35.0,0.00248,-2.185636,-28.12816,-999.0,-0.004985,CANTON LAKE,-0.0,0.006325,0.004849,36.122005,-98.607394,26.0946,492.253,,37.0,-0.000643,0.118396,2025-06-30 22:34:57+00:00,804638134.456,-0.206084,-0.0495837499999529,0.01,-0.177279,1,0,-1883.4561586161217,-1883.4561586161217,-1883.4561586161217,-1883.4561586161217,-1948.526379634808,-1948.526379634808,-1948.526379634808,-1948.526379634808,,-924.8990820736472,,-924.8990820736472,-1650.11090573019,-1650.11090573019,-1650.11090573019,-1650.11090573019,-1079.1666666666667,-1079.1666666666667
2025-07-01,492.511461,-0.0435292500000059,139506588.0,,,,30.43966002968788,,,,,,,,,,,0.0,0,,,,-0.027463750000038,7420206313,7238500,NWIS,,,,,,,,,,,,,,,,,,,,,,,,,,,,,1,1,,-1583.6788747702458,,-1583.6788747702458,,-1638.794459099321,,-1638.794459099321,,-941.5209037353015,,-941.5209037353015,,-1387.7855822552135,,-1387.7855822552135,-1037.5,-1037.5
2025-07-02,492.510445,-0.0445452499999987,139480890.5,,,,30.43180255502081,,,32.909008013151,2.477205458130193,,,,,,,0.0,0,,13.0,,-0.0284797500000308,7420206313,7238500,NWIS,,,,,,,,,,,,,,,,,,,,,,,,,,,,,1,1,,-1284.016338395757,,-1284.016338395757,,-1329.0487976208797,,-1329.0487976208797,,-957.529859201206,,-957.529859201206,,-1125.4602587802383,,-1125.4602587802383,-1058.3333333333333,-1058.3333333333333
2025-07-03,492.5126675,-0.0423227499999825,139542564.5,,,,30.448990780855656,,,,,,,,,,,0.0,0,,,,-0.0262572500000146,7420206313,7238500,NWIS,,,,,,,,,,,,,,,,,,,,,,,,,,,,,1,1,,-984.4756824099268,,-984.4756824099268,,-1019.2904311732946,,-1019.2904311732946,,-972.9259510973698,,-972.9259510973698,,-863.1349353052619,,-863.1349353052619,-1008.3333333333334,-1008.3333333333334
2025-07-04,492.5193985,-0.0355917499999804,139719877.25,,,,30.50104655052614,,,,,,,,,,,0.0,0,,,,-0.0195262500000126,7420206313,7238500,NWIS,,,,,,,,,,,,,,,,,,,,,,,,,,,,,1,1,,-685.0640397300112,,-685.0640397300112,,-709.5203957303711,,-709.5203957303711,,-987.7091819614508,,-987.7091819614508,,-600.8096118302883,,-600.8096118302883,-864.5833333333334,-864.5833333333334
2025-07-05,492.52124,-0.0337502500000255,139794400.0,,,,30.51528822336006,,,,,,,,,,,0.0,0,,,,-0.0176847500000576,7420206313,7238500,NWIS,,,,,,,,,,,,,,,,,,,,,,,,,,,,,1,1,,-385.7885432732792,,-385.7885432732792,,-399.7397272659237,,-399.7397272659237,,-1001.8795542425432,,-1001.8795542425432,,-338.48428835531195,,-338.48428835531195,-804.1666666666666,-804.1666666666666
2025-07-06,492.5214305000001,-0.0335597499998812,139802109.25,,,,30.51676149986124,,,,,,,,,,,0.0,0,,,,-0.0174942499999133,7420206313,7238500,NWIS,,,,,,,,,,,,,,,,,,,,,,,,,,,,,1,1,,-86.65632595698844,,-86.65632595698844,,-89.94946175375844,,-89.94946175375844,,-1015.4370703380536,,-1015.4370703380536,,-76.15896488033559,,-76.15896488033559,-797.9166666666666,-797.9166666666666
2025-07-07,492.5228275000001,-0.032162749999884,139840655.5,,,,30.52756552752876,,,29.472457077877,-1.0551084496517618,,,,,,,0.0,0,,100.0,,-0.0160972499999161,7420206313,7238500,NWIS,,,,,,,,,,,,,,,,,,,,,,,,,,,,,1,1,,212.3254793015949,,212.3254793015949,,219.84936483231468,,219.84936483231468,-1028.3817325284217,-1028.3817325284217,-1028.3817325284217,-1028.3817325284217,,186.16635859463983,,186.16635859463983,-766.6666666666666,-766.6666666666666
2025-07-08,492.5221290000001,-0.0328612499998826,139830376.5,,,,30.52216351369524,,,,,,,,,,,0.0,0,,,,-0.0167957499999147,7420206313,7238500,NWIS,,,,,,,,,,,,,,,,,,,,,,,,,,,,,1,1,,511.1497395852075,,511.1497395852075,,529.6557165184822,,529.6557165184822,,-1130.2923109772128,,-1130.2923109772128,,448.4916820696181,,448.4916820696181,-775.0,-775.0
2025-07-09,492.5197795,-0.035210749999976,139737865.5,,,,30.50399310352659,,,,,,,,,,,0.0,0,,,,-0.0191452500000082,7420206313,7238500,NWIS,,,,,,,,,,,,,,,,,,,,,,,,,,,,,1,1,,809.8093219765851,,809.8093219765851,,839.4685573309398,,839.4685573309398,,-671.3906367880736,,-671.3906367880736,,710.8170055445908,,710.8170055445908,-850.0,-850.0
2025-07-10,492.515906,-0.0390842500000303,139591389.75,0.0459999999999931,0.0850842500000235,0.0850842500000235,30.474036481357096,30.564656,0.090619518642903,29.829377146096,-0.6446593352610961,0.0,0.19,0.002,0.0,0.0,0.0,0.0,0,,100.0,492.33,-0.0230187500000624,7420206313,7238500,NWIS,0.025021,30.524139,,PID0,35.0,0.001326,-2.175483,-28.059912,-999.0,-0.005536,CANTON LAKE,0.008,0.004657,0.003205,36.122005,-98.607394,26.0946,492.253,,315.0,-0.000493,0.177656,2025-07-10 20:57:11+00:00,805496268.113,-0.168924,0.0690187500000556,0.002,-0.369329,1,0,1108.297093558469,1108.297093558469,1108.297093558469,1108.297093558469,1149.286851295874,1149.286851295874,1149.286851295874,1149.286851295874,348.3833398222996,348.3833398222996,348.3833398222996,348.3833398222996,973.1423290195672,973.1423290195672,973.1423290195672,973.1423290195672,-968.75,-968.75
2025-07-11,492.50968300000005,-0.0453072499999507,139442344.25,,,,30.42590944902086,,,,,,,,,,,0.0,0,,,,-0.0292417499999828,7420206313,7238500,NWIS,,,,,,,,,,,,,,,,,,,,,,,,,,,,,1,1,,852.2735074361226,,852.2735074361226,,883.533314020844,,883.533314020844,,212.57623021387735,,212.57623021387735,,748.1272055109866,,748.1272055109866,-1089.5833333333333,-1089.5833333333333
2025-07-12,492.5139375,-0.0410527500000057,139560552.75,,,,30.45881262418937,,,,,,,,,,,0.0,0,,,,-0.0249872500000378,7420206313,7238500,NWIS,,,,,,,,,,,,,,,,,,,,,,,,,,,,,1,1,,596.1227613660267,,596.1227613660267,,617.7836806077503,,617.7836806077503,,83.18097009130906,,83.18097009130906,,523.1120820024071,,523.1120820024071,-993.75,-993.75
2025-07-13,492.5174935,-0.0374967500000025,139642784.75,,,,30.486313785524843,,,,,,,,,,,0.0,0,,,,-0.0214312500000346,7420206313,7238500,NWIS,,,,,,,,,,,,,,,,,,,,,,,,,,,,,1,1,,339.84935710116406,,339.84935710116406,,352.0386048841938,,352.0386048841938,,-39.80250256138788,,-39.80250256138788,,298.0969584938275,,298.0969584938275,-927.0833333333334,-927.0833333333334
2025-07-14,492.5136835,-0.0413067499999897,139506588.0,,,,30.45684825552273,,,,,,,,,,,0.0,0,,,,-0.0252412500000218,7420206313,7238500,NWIS,,,,,,,,,,,,,,,,,,,,,,,,,,,,,1,1,,83.45779639451393,,83.45779639451393,,86.29874067777564,,86.29874067777564,,-156.37426401746052,,-156.37426401746052,,73.08183498524613,,73.08183498524613,-1037.5,-1037.5
2025-07-15,492.509175,-0.0458152499999755,139429495.5,,,,30.421980711687088,,,29.765777778390003,-0.6562029332970845,,,,,,,0.0,0,,100.0,,-0.0297497500000076,7420206313,7238500,NWIS,,,,,,,,,,,,,,,,,,,,,,,,,,,,,1,1,,-173.04741900094632,,-173.04741900094632,,-179.4352581839048,,-179.4352581839048,-266.53440217182106,-266.53440217182106,-266.53440217182106,-266.53440217182106,,-151.93328852333525,,-151.93328852333525,-1100.0,-1100.0
2025-07-16,492.50346,-0.0515302499999847,139198218.0,,,,30.377782416683672,,,,,,,,,,,0.0,0,,,,-0.0354647500000169,7420206313,7238500,NWIS,,,,,,,,,,,,,,,,,,,,,,,,,,,,,1,1,,-429.6617873322266,,-429.6617873322266,,-445.1627378732446,,-445.1627378732446,,-886.8064142766325,,-886.8064142766325,,-376.9484120319148,,-376.9484120319148,-1287.5,-1287.5
2025-07-17,492.502063,-0.0529272499999819,139162241.5,,,,30.36697838901615,,,,,,,,,,,0.0,0,,,,-0.0368617500000141,7420206313,7238500,NWIS,,,,,,,,,,,,,,,,,,,,,,,,,,,,,1,1,,-686.3808068463577,,-686.3808068463577,,-710.8830445626354,,-710.8830445626354,,-1149.0280690756244,,-1149.0280690756244,,-601.9635355404953,,-601.9635355404953,-1316.6666666666667,-1316.6666666666667
2025-07-18,492.5004755,-0.0545147500000098,139105707.0,,,,30.354701084848404,,,,,,,,,,,0.0,0,,,,-0.0384492500000419,7420206313,7238500,NWIS,,,,,,,,,,,,,,,,,,,,,,,,,,,,,1,1,,-943.1999757903496,,-943.1999757903496,,-976.5955244244878,,-976.5955244244878,,-1053.2240169226243,,-1053.2240169226243,,-826.9786590490748,,-826.9786590490748,-1362.5,-1362.5
2025-07-19,492.4889185,-0.0660717499999918,138794767.25,,,,30.26532231050873,,,29.385535665394,-0.8797866451147272,,,,,,,0.0,0,,100.0,,-0.050006250000024,7420206313,7238500,NWIS,,,,,,,,,,,,,,,,,,,,,,,,,,,,,1,1,,-1200.1147924112256,,-1200.1147924112256,,-1242.2995236311854,,-1242.2995236311854,-599.3847543424799,-599.3847543424799,-599.3847543424799,-599.3847543424799,,-1051.993782557655,,-1051.993782557655,-1614.5833333333333,-1614.5833333333333
2025-07-20,492.47933000000006,-0.0756602499999417,138509525.0,,,,30.191167393336773,,,29.655405455495,-0.5357619378417731,,,,,,,0.0,0,,100.0,,-0.0595947499999738,7420206313,7238500,NWIS,,,,,,,,,,,,,,,,,,,,,,,,,,,,,1,1,,-1457.1207549560004,,-1457.1207549560004,,-1507.9943883551423,,-1507.9943883551423,-953.234095058764,-953.234095058764,-953.234095058764,-953.234095058764,,-1277.0089060662349,,-1277.0089060662349,-1845.8333333333333,-1845.8333333333333
2025-07-21,492.4712655,-0.0837247499999875,138280817.25,-0.0709999999999686,0.0127247500000189,0.0127247500000189,30.128798688165187,30.691808,0.563009311834815,,,1.0,0.149,0.002,0.0,0.0,0.0,0.0,0,,,492.213,-0.0676592500000197,7420206313,7238500,NWIS,0.026708,30.657984,,PID0,36.0,0.001102,-2.177006,-28.066954,-999.0,-0.003052,CANTON LAKE,0.015,-0.004623,-0.004863,36.122005,-98.607394,26.0946,492.253,,22.0,-0.000295,-0.08958,2025-07-21 06:07:06+00:00,806393263.041,-0.221106,-0.0033407499999489,0.002,0.896157,1,0,-1714.2133616716983,-1714.2133616716983,-1714.2133616716983,-1714.2133616716983,-1773.6794647687493,-1773.6794647687493,-1773.6794647687493,-1773.6794647687493,,-1136.900334045542,,-1136.900334045542,-1502.0240295748165,-1502.0240295748165,-1502.0240295748165,-1502.0240295748165,-2031.25,-2031.25
2025-07-22,492.4640265000001,-0.0909637499999007,138064958.25,,,,30.07281418116188,,,29.385380531037,-0.6874336501248806,,,,,,,0.0,0,,100.0,,-0.0748982499999328,7420206313,7238500,NWIS,,,,,,,,,,,,,,,,,,,,,,,,,,,,,1,1,,-2391.385183268784,,-2391.385183268784,,-2473.038124238953,,-2473.038124238953,-598.3514662535617,-598.3514662535617,-598.3514662535617,-598.3514662535617,,-2094.3715341959514,,-2094.3715341959514,-2206.25,-2206.25
2025-07-22,492.4640265000001,-0.0909637499999007,138064958.25,,,,30.07281418116188,,,29.684743839681,-0.3880703414808799,,,,,,,0.0,0,,100.0,,-0.0748982499999328,7420206313,7238500,NWIS,,,,,,,,,,,,,,,,,,,,,,,,,,,,,1,1,,,,,,,,,-817.8017142136341,-817.8017142136341,-817.8017142136341,-817.8017142136341,,,,,-2206.25,-2206.25
2025-07-23,492.4513900000001,-0.1036002499998858,137707763.0,,,,29.97508683998776,,,,,,,,,,,0.0,0,,,,-0.0875347499999179,7420206313,7238500,NWIS,,,,,,,,,,,,,,,,,,,,,,,,,,,,,1,1,,-3069.044122042402,,-3069.044122042402,,-3172.312492550115,,-3172.312492550115,,-1120.6738358808234,,-1120.6738358808234,,-2686.7190388170857,,-2686.7190388170857,-2495.8333333333335,-2495.8333333333335
2025-07-24,492.44650050000007,-0.1084897499999328,137509892.25,,,,29.937272743151187,,,,,,,,,,,0.0,0,,,,-0.092424249999965,7420206313,7238500,NWIS,,,,,,,,,,,,,,,,,,,,,,,,,,,,,1,1,,-3747.108052833234,,-3747.108052833234,,-3871.4906419718222,,-3871.4906419718222,,-1121.1126848985823,,-1121.1126848985823,,-3279.06654343822,,-3279.06654343822,-2656.25,-2656.25
2025-07-25,492.4459290000001,-0.109061249999911,137499613.25,,,,29.932852913651463,,,16.126984935364,-13.805867978287464,,,,,,,0.0,0,,65.0,,-0.0929957499999432,7420206313,7238500,NWIS,,,,,,,,,,,,,,,,,,,,,,,,,,,,,1,1,,-4425.494850481962,,-4425.494850481962,,-4570.560644773664,,-4570.560644773664,,-819.1182988153869,,-819.1182988153869,,-3871.414048059355,,-3871.414048059355,-2664.5833333333335,-2664.5833333333335
2025-07-26,492.4426905,-0.1122997499999769,137417381.25,,,,29.90780721314907,,,,,,,,,,,0.0,0,,,,-0.096234250000009,7420206313,7238500,NWIS,,,,,,,,,,,,,,,,,,,,,,,,,,,,,1,1,,-5104.122389829265,,-5104.122389829265,,-5269.510573225227,,-5269.510573225227,,-214.66723631301647,,-214.66723631301647,,-4463.761552680489,,-4463.761552680489,-2731.25,-2731.25
2025-07-27,492.4341815000001,-0.1208087499999237,137152697.0,,,,29.842000862811087,,,29.247899776881,-0.5941010859300881,,,,,,,0.0,0,,100.0,,-0.1047432499999558,7420206313,7238500,NWIS,,,,,,,,,,,,,,,,,,,,,,,,,,,,,1,1,,-5782.908545715825,,-5782.908545715825,,-5968.328499596101,,-5968.328499596101,692.2729852410175,692.2729852410175,692.2729852410175,692.2729852410175,,-5056.109057301625,,-5056.109057301625,-2945.8333333333335,-2945.8333333333335
2025-07-28,492.4260535000001,-0.128936749999923,136929128.75,,,,29.77914106547308,,,,,,,,,,,0.0,0,,,,-0.1128712499999551,7420206313,7238500,NWIS,,,,,,,,,,,,,,,,,,,,,,,,,,,,,1,1,,-6461.771192982323,,-6461.771192982323,,-6667.002496155873,,-6667.002496155873,,-394.6101977032504,,-394.6101977032504,,-5648.45656192276,,-5648.45656192276,-3127.0833333333335,-3127.0833333333335
2025-07-29,492.420529,-0.1344612500000153,136792932.0,,,,29.736416046969413,,,,,,,,,,,0.0,0,,,,-0.1183957500000474,7420206313,7238500,NWIS,,,,,,,,,,,,,,,,,,,,,,,,,,,,,1,1,,-7140.628206469437,,-7140.628206469437,,-7365.520635174131,,-7365.520635174131,,-1008.3405506433536,,-1008.3405506433536,,-6240.804066543894,,-6240.804066543894,-3237.5,-3237.5
2025-07-30,492.4145600000001,-0.1404302499998948,136587352.0,,,,29.690253383299822,,,29.575715167186,-0.1145382161138215,,,,,,,0.0,0,,100.0,,-0.1243647499999269,7420206313,7238500,NWIS,,,,,,,,,,,,,,,,,,,,,,,,,,,,,1,1,,-7819.397461017853,,-7819.397461017853,,-8063.870988920465,,-8063.870988920465,-1148.9768437061755,-1148.9768437061755,-1148.9768437061755,-1148.9768437061755,,-6833.151571165028,,-6833.151571165028,-3404.1666666666665,-3404.1666666666665
2025-07-31,492.4139885,-0.1410017499999867,136559084.75,-0.3509999999999982,-0.2099982500000115,0.2099982500000115,29.68583355379915,30.049344,0.363510446200852,,,0.0,0.184,0.002,0.0,0.0,0.0,0.0,0,,,491.933,-0.1249362500000188,7420206313,7238500,NWIS,0.023593,30.010091,,PID0,36.0,0.001306,-2.196406,-28.060137,-999.0,-0.006007,CANTON LAKE,0.009,-0.002762,-0.001932,36.122005,-98.607394,26.0946,492.253,,315.0,-1.8e-05,-0.021586,2025-07-31 17:42:15+00:00,807298972.335,-0.307262,-0.2260637499999793,0.002,0.798952,1,0,-8497.996831468248,-8497.996831468248,-8497.996831468248,-8497.996831468248,-8762.041629664462,-8762.041629664462,-8762.041629664462,-8762.041629664462,,-1135.9453706599634,,-1135.9453706599634,-7425.499075786163,-7425.499075786163,-7425.499075786163,-7425.499075786163,-3427.0833333333335,-3427.0833333333335
2025-08-01,492.40617800000007,-0.1488122499999349,136361214.0,,,,29.62542921729469,,,,,,,,,,,0.0,0,,,,-0.132746749999967,7420206313,7238500,NWIS,,,,,,,,,,,,,,,,,,,,,,,,,,,,,1,1,,-8028.727647147512,,-8028.727647147512,,-8279.235551116819,,-8279.235551116819,,-998.483881457816,,-998.483881457816,,-7015.85615862934,,-7015.85615862934,-3587.5,-3587.5
2025-08-02,492.3972245,-0.15776575000001,136047704.5,,,,29.55618522178936,,,,,,,,,,,0.0,0,,,,-0.1417002500000421,7420206313,7238500,NWIS,,,,,,,,,,,,,,,,,,,,,,,,,,,,,1,1,,-7559.365100695109,,-7559.365100695109,,-7796.341764775853,,-7796.341764775853,,-736.5875640999511,,-736.5875640999511,,-6606.2132414725165,,-6606.2132414725165,-3841.6666666666665,-3841.6666666666665
2025-08-03,492.4057335000001,-0.1492567499998927,136307249.25,,,,29.62199157212829,,,,,,,,,,,0.0,0,,,,-0.1331912499999248,7420206313,7238500,NWIS,,,,,,,,,,,,,,,,,,,,,,,,,,,,,1,1,,-7089.936354182401,,-7089.936354182401,,-7313.3642156185615,,-7313.3642156185615,,-350.2483844506496,,-350.2483844506496,,-6196.570324315693,,-6196.570324315693,-3631.25,-3631.25
2025-08-04,492.4344355,-0.1205547499999966,137188673.5,,,,29.84396523147726,,,29.295510034001,-0.5484551974762581,,,,,,,0.0,0,,100.0,,-0.1044892500000287,7420206313,7238500,NWIS,,,,,,,,,,,,,,,,,,,,,,,,,,,,,1,1,,-6620.468569680752,,-6620.468569680752,,-6830.306848621947,,-6830.306848621947,160.5427942969418,160.5427942969418,160.5427942969418,160.5427942969418,,-5786.927407158871,,-5786.927407158871,-2916.6666666666665,-2916.6666666666665
2025-08-05,492.4308160000001,-0.1241742499998963,137039628.0,,,,29.815972977975843,,,,,,,,,,,0.0,0,,,,-0.1081087499999284,7420206313,7238500,NWIS,,,,,,,,,,,,,,,,,,,,,,,,,,,,,1,1,,-6150.988909261521,,-6150.988909261521,,-6347.173608763006,,-6347.173608763006,,110.63390567213536,,110.63390567213536,,-5377.284490002046,,-5377.284490002046,-3037.5,-3037.5
2025-08-06,492.419386,-0.1356042500000285,136720979.0,,,,29.72757638796854,,,29.305366284101,-0.4222101038675419,,,,,,,0.0,0,,100.0,,-0.1195387500000606,7420206313,7238500,NWIS,,,,,,,,,,,,,,,,,,,,,,,,,,,,,1,1,,-5681.524534996075,,-5681.524534996075,,-5863.968441018742,,-5863.968441018742,61.68746674115937,61.68746674115937,61.68746674115937,61.68746674115937,,-4967.641572845223,,-4967.641572845223,-3295.8333333333335,-3295.8333333333335
2025-08-07,492.4101785,-0.1448117500000307,136428027.5,,,,29.65636802379656,,,,,,,,,,,0.0,0,,,,-0.1287462500000629,7420206313,7238500,NWIS,,,,,,,,,,,,,,,,,,,,,,,,,,,,,1,1,,-5212.102608955773,,-5212.102608955773,,-5380.695290366152,,-5380.695290366152,,-321.4371205627449,,-321.4371205627449,,-4557.9986556884005,,-4557.9986556884005,-3533.3333333333335,-3533.3333333333335
2025-08-08,492.3996375,-0.15535275000002,136135076.0,,,,29.574846724123955,,,19.320112371676,-10.254734352447954,,,,,,,0.0,0,,81.0,,-0.1392872500000521,7420206313,7238500,NWIS,,,,,,,,,,,,,,,,,,,,,,,,,,,,,1,1,,-4742.750293211979,,-4742.750293211979,,-4897.35810178224,,-4897.35810178224,,-632.5914576440846,,-632.5914576440846,,-4148.355738531577,,-4148.355738531577,-3770.8333333333335,-3770.8333333333335
2025-08-09,492.38884250000007,-0.1661477499999364,135811287.5,,,,29.491361055785177,,,,,,,,,,,0.0,0,,,,-0.1500822499999685,7420206313,7238500,NWIS,,,,,,,,,,,,,,,,,,,,,,,,,,,,,1,1,,-4273.494749836055,,-4273.494749836055,,-4413.960820244002,,-4413.960820244002,,-871.7795921221987,,-871.7795921221987,,-3738.7128213747537,,-3738.7128213747537,-4033.3333333333335,-4033.3333333333335
2025-08-10,492.3833815,-0.1716087500000185,135646823.5,,,,29.44912712944793,,,,,,,,,,,0.0,0,,,,-0.1555432500000506,7420206313,7238500,NWIS,,,,,,,,,,,,,,,,,,,,,,,,,,,,,1,1,,-3804.3631408993633,,-3804.3631408993633,,-3930.50739072844,,-3930.50739072844,,-1039.0054606679532,,-1039.0054606679532,,-3329.0699042179313,,-3329.0699042179313,-4166.666666666667,-4166.666666666667
2025-08-11,492.3816035,-0.1733867500000201,135610847.0,-0.1379999999999759,0.0353867500000442,0.0353867500000442,29.435376548779963,2.5352,-26.900176548779964,,,0.0,0.354,0.011,0.0,0.0,1.0,0.0,0,,,492.146,-0.1573212500000522,7420206313,7238500,NWIS,0.006592,2.461274,,PID0,37.0,0.02916,-2.187553,-28.124443,-999.0,-0.004899,CANTON LAKE,-0.0,0.003961,0.005725,36.122005,-98.607394,26.0946,492.253,,37.0,0.000427,-0.047718,2025-08-11 16:05:06+00:00,808243543.495,-0.240699,0.0193212500000763,0.01,0.292979,1,0,-3335.382628473266,-3335.382628473266,-3335.382628473266,-3335.382628473266,-3447.001758212552,-3447.001758212552,-3447.001758212552,-3447.001758212552,,-1134.2722415936096,,-1134.2722415936096,-2919.426987061107,-2919.426987061107,-2919.426987061107,-2919.426987061107,-4195.833333333333,-4195.833333333333
2025-08-12,492.3760155,-0.1789747500000089,135397557.75,,,,29.39216043811035,,,,,,,,,,,0.0,0,,,,-0.162909250000041,7420206313,7238500,NWIS,,,,,,,,,,,,,,,,,,,,,,,,,,,,,1,1,,-3270.003112937984,,-3270.003112937984,,-3379.5794437054037,,-3379.5794437054037,,-1157.581902359343,,-1157.581902359343,,-2862.307763401246,,-2862.307763401246,-4368.75,-4368.75
2025-08-13,492.3733485,-0.1816417499999829,135312756.0,,,,29.371534567109105,,,,,,,,,,,0.0,0,,,,-0.165576250000015,7420206313,7238500,NWIS,,,,,,,,,,,,,,,,,,,,,,,,,,,,,1,1,,-3204.627136844372,,-3204.627136844372,,-3312.156201633071,,-3312.156201633071,,-1108.9349416782734,,-1108.9349416782734,,-2805.1885397413853,,-2805.1885397413853,-4437.5,-4437.5
2025-08-14,492.36623650000007,-0.1887537499999325,135125164.25,,,,29.316532244438648,,,29.646300464309,0.3297682198703526,,,,,,,0.0,0,,100.0,,-0.1726882499999646,7420206313,7238500,NWIS,,,,,,,,,,,,,,,,,,,,,,,,,,,,,1,1,,-3139.2547738289786,,-3139.2547738289786,,-3244.7320426904153,,-3244.7320426904153,-988.3303264529932,-988.3303264529932,-988.3303264529932,-988.3303264529932,,-2748.0693160815244,,-2748.0693160815244,-4589.583333333333,-4589.583333333333
2025-08-15,492.3568385,-0.1981517500000222,134865619.5,,,,29.243850603765964,,,,,,,,,,,0.0,0,,,,-0.1820862500000544,7420206313,7238500,NWIS,,,,,,,,,,,,,,,,,,,,,,,,,,,,,1,1,,-3073.8860975283496,,-3073.8860975283496,,-3177.3069775722897,,-3177.3069775722897,,-1093.4762621756963,,-1093.4762621756963,,-2690.9500924216627,,-2690.9500924216627,-4800.0,-4800.0
2025-08-16,492.349028,-0.2059622500000273,134644621.0,,,,29.183446267261505,,,29.346069168737003,0.1626229014754976,,,,,,,0.0,0,,100.0,,-0.1898967500000594,7420206313,7238500,NWIS,,,,,,,,,,,,,,,,,,,,,,,,,,,,,1,1,,-3008.52118157904,,-3008.52118157904,,-3109.8810169735543,,-3109.8810169735543,-305.77479533301994,-305.77479533301994,-305.77479533301994,-305.77479533301994,,-2633.830868761802,,-2633.830868761802,-4979.166666666667,-4979.166666666667
2025-08-17,492.343186,-0.2118042500000001,134451889.75,,,,29.13826578792477,,,,,,,,,,,0.0,0,,,,-0.1957387500000322,7420206313,7238500,NWIS,,,,,,,,,,,,,,,,,,,,,,,,,,,,,1,1,,-2943.160099617591,,-2943.160099617591,,-3042.4541715890673,,-3042.4541715890673,,-656.2599365816659,,-656.2599365816659,,-2576.71164510194,,-2576.71164510194,-5135.416666666667,-5135.416666666667
2025-08-18,492.337725,-0.2172652500000254,134325972.0,,,,29.096031861588475,,,,,,,,,,,0.0,0,,,,-0.2011997500000575,7420206313,7238500,NWIS,,,,,,,,,,,,,,,,,,,,,,,,,,,,,1,1,,-2877.8029252805545,,-2877.8029252805545,,-2975.026452113687,,-2975.026452113687,,-914.5404900623251,,-914.5404900623251,,-2519.5924214420793,,-2519.5924214420793,-5237.5,-5237.5
2025-08-19,492.357029,-0.1979612499999916,134870759.0,,,,29.245323880266188,,,29.490784601661,0.2454607213948136,,,,,,,0.0,0,,100.0,,-0.1818957500000237,7420206313,7238500,NWIS,,,,,,,,,,,,,,,,,,,,,,,,,,,,,1,1,,-2812.449732204481,,-2812.449732204481,,-2907.5978692422696,,-2907.5978692422696,-1080.622018926788,-1080.622018926788,-1080.622018926788,-1080.622018926788,,-2462.4731977822175,,-2462.4731977822175,-4795.833333333333,-4795.833333333333
2025-08-20,492.3550605,-0.1999297500000239,134798806.0,,,,29.23010002309847,,,,,,,,,,,0.0,0,,,,-0.183864250000056,7420206313,7238500,NWIS,,,,,,,,,,,,,,,,,,,,,,,,,,,,,1,1,,-2747.100594025914,,-2747.100594025914,,-2840.1684336696726,,-2840.1684336696726,,-699.1254990360485,,-699.1254990360485,,-2405.3539741223567,,-2405.3539741223567,-4854.166666666667,-4854.166666666667
2025-08-21,492.3488375,-0.2061527500000011,134662609.25,-0.1109999999999891,0.095152750000012,0.095152750000012,29.18197299076128,28.881643,-0.3003299907612806,29.311720240648,0.1297472498867193,0.0,0.17,0.002,0.0,0.0,0.0,0.0,0,,100.0,492.173,-0.1900872500000332,7420206313,7238500,NWIS,0.022042,28.222833,,PID0,37.0,0.022811,-2.189938,-28.057105,-999.0,-0.00513,CANTON LAKE,0.007,0.011872,0.01312,36.122005,-98.607394,26.0946,492.253,,315.0,0.000841,0.057306,2025-08-21 14:27:20+00:00,809101677.177,-0.139016,0.0790872500000441,0.002,-0.922746,1,0,-2681.7555843814043,-2681.7555843814043,-2681.7555843814043,-2681.7555843814043,-2772.738156090757,-2772.738156090757,-2772.738156090757,-2772.738156090757,0.0,0.0,0.0,0.0,-2348.234750462496,-2348.234750462496,-2348.234750462496,-2348.234750462496,-4964.583333333333,-4964.583333333333
2025-08-22,492.3433765,-0.2116137500000263,134446750.25,,,,29.13973906442499,,,,,,,,,,,0.0,0,,,,-0.1955482500000585,7420206313,7238500,NWIS,,,,,,,,,,,,,,,,,,,,,,,,,,,,,1,1,,-2495.42462750975,,-2495.42462750975,,-2580.43246442509,,-2580.43246442509,,-158.44949132831607,,-158.44949132831607,,-2185.3391866917045,,-2185.3391866917045,-5139.583333333333,-5139.583333333333
2025-08-23,492.337725,-0.2172652500000254,134315693.0,,,,29.096031861588475,,,,,,,,,,,0.0,0,,,,-0.2011997500000575,7420206313,7238500,NWIS,,,,,,,,,,,,,,,,,,,,,,,,,,,,,1,1,,-2309.129555086168,,-2309.129555086168,,-2388.12025971378,,-2388.12025971378,,-305.25333831379976,,-305.25333831379976,,-2022.443622920915,,-2022.443622920915,-5245.833333333333,-5245.833333333333
2025-08-24,492.330994,-0.2239962500000274,134074136.5,,,,29.04397609191751,,,20.234365918616,-8.809610173301515,,,,,,,0.0,0,,63.0,,-0.2079307500000595,7420206313,7238500,NWIS,,,,,,,,,,,,,,,,,,,,,,,,,,,,,1,1,,-2122.872075057333,,-2122.872075057333,,-2195.8017900163395,,-2195.8017900163395,,-440.4117814391957,,-440.4117814391957,,-1859.5480591501228,,-1859.5480591501228,-5441.666666666667,-5441.666666666667
2025-08-25,492.349663,-0.2053272499999821,134667748.75,,,,29.1883571889286,,,,,,,,,,,0.0,0,,,,-0.1892617500000142,7420206313,7238500,NWIS,,,,,,,,,,,,,,,,,,,,,,,,,,,,,1,1,,-1936.6538953699185,,-1936.6538953699185,,-2003.4773033922893,,-2003.4773033922893,,-563.9250807769422,,-563.9250807769422,,-1696.6524953793314,,-1696.6524953793314,-4960.416666666667,-4960.416666666667
2025-08-26,492.4040825,-0.1509077499999875,136250714.75,,,,29.60922317579317,,,,,,,,,,,0.0,0,,,,-0.1348422500000197,7420206313,7238500,NWIS,,,,,,,,,,,,,,,,,,,,,,,,,,,,,1,1,,-1750.4767239705952,,-1750.4767239705952,,-1811.1470479011475,,-1811.1470479011475,,-675.7935063756249,,-675.7935063756249,,-1533.756931608542,,-1533.756931608542,-3677.0833333333335,-3677.0833333333335
2025-08-27,492.4158485853658,-0.1391416646342236,136606405.75609756,,,,29.70021896092558,,,,,,,,,,,0.0,0,,,,-0.1230761646342557,7420206313,7238500,NWIS,,,,,,,,,,,,,,,,,,,,,,,,,,,,,1,1,,-1564.3422688060357,,-1564.3422688060357,,-1618.8112716024343,,-1618.8112716024343,,-776.0173295395998,,-776.0173295395998,,-1370.8613678377496,,-1370.8613678377496,-3388.7195121951268,-3388.7195121951268
2025-08-28,492.4418583157895,-0.1131319342105143,137399934.0,,,,29.90137132106924,,,,,,,,,,,0.0,0,,,,-0.0970664342105465,7420206313,7238500,NWIS,,,,,,,,,,,,,,,,,,,,,,,,,,,,,1,1,,-1378.2522378229132,,-1378.2522378229132,,-1426.4702225556655,,-1426.4702225556655,,-864.5968149109522,,-864.5968149109522,,-1207.9658040669592,,-1207.9658040669592,-2745.3947368421054,-2745.3947368421054
2025-08-29,492.4621556923077,-0.0928345576922993,138010598.15384614,,,,30.058345850403303,,,,,,,,,,,0.0,0,,,,-0.0767690576923314,7420206313,7238500,NWIS,,,,,,,,,,,,,,,,,,,,,,,,,,,,,1,1,,-1192.2083389678985,,-1192.2083389678985,,-1234.1241488203625,,-1234.1241488203625,,-941.532213331011,,-941.532213331011,,-1045.070240296168,,-1045.070240296168,-2250.3205128205204,-2250.3205128205204
2025-08-30,492.4773113684211,-0.0776788815788904,138471114.0,,,,30.175555831826685,,,,,,,,,,,0.0,0,,,,-0.0616133815789226,7420206313,7238500,NWIS,,,,,,,,,,,,,,,,,,,,,,,,,,,,,1,1,,-1006.2122801876712,,-1006.2122801876712,,-1041.773298456038,,-1041.773298456038,,-1006.8237555780596,,-1006.8237555780596,,-882.1746765253774,,-882.1746765253774,-1876.9736842105265,-1876.9736842105265
2025-08-31,492.493935,-0.0610552499999812,138936103.5,-0.0339999999999909,0.0270552499999903,0.0270552499999903,30.30411859167814,29.220453,-1.083665591678141,,,0.0,0.131,0.001,0.0,0.0,0.0,0.0,0,,,492.25,-0.0449897500000133,7420206313,7238500,NWIS,0.024822,27.919632,,PID0,38.0,0.044517,-2.188545,-28.057203,-999.0,-0.008013,CANTON LAKE,0.008,-0.005773,-0.00724,36.122005,-98.607394,26.0946,492.253,,22.0,0.001229,-0.074188,2025-08-31 23:37:14+00:00,809998671.916,-0.199202,0.0109897500000224,0.001,1.117625,1,0,-820.2657694288982,-820.2657694288982,-820.2657694288982,-820.2657694288982,-849.4179195222159,-849.4179195222159,-849.4179195222159,-849.4179195222159,,-1060.4716469498926,,-1060.4716469498926,-719.279112754587,-719.279112754587,-719.279112754587,-719.279112754587,-1500.0,-1500.0
2025-09-01,492.5080955,-0.0468947499999785,139385809.75,-0.0969999999999791,-0.0501052500000005,0.0501052500000005,30.41363214485312,1.08945,-29.32418214485312,,,0.0,0.312,0.015,0.0,0.0,1.0,0.0,0,,,492.187,-0.0308292500000106,7420206313,7238500,NWIS,0.003893,0.996148,,PID0,38.0,0.085641,-2.193309,-28.12768,-999.0,-0.00484,CANTON LAKE,0.001,0.009603,0.010297,36.122005,-98.607394,26.0946,492.253,,37.0,0.001268,0.12805,2025-09-01 12:50:11+00:00,810046248.813,-0.170954,-0.0661707499999684,0.012,2.712951,1,0,-2342.9986403521452,-2342.9986403521452,-2342.9986403521452,-2342.9986403521452,-2423.086588374742,-2423.086588374742,-2423.086588374742,-2423.086588374742,,-1102.476062583426,,-1102.476062583426,-2052.060998151749,-2052.060998151749,-2052.060998151749,-2052.060998151749,-1135.4166666666667,-1135.4166666666667
2025-09-02,492.51755700000007,-0.0374332499999354,139668482.25,,,,30.486804877692222,,,,,,,,,,,0.0,0,,,,-0.0213677499999676,7420206313,7238500,NWIS,,,,,,,,,,,,,,,,,,,,,,,,,,,,,1,1,,-2258.3282605017803,,-2258.3282605017803,,-2335.670378862108,,-2335.670378862108,,-1132.8371436844973,,-1132.8371436844973,,-1978.0175600741804,,-1978.0175600741804,-906.25,-906.25
2025-09-03,492.521494,-0.0334962499999846,139804679.0,,,,30.517252592027187,,,29.534576063756,-0.9826765282711882,,,,,,,0.0,0,,100.0,,-0.0174307500000168,7420206313,7238500,NWIS,,,,,,,,,,,,,,,,,,,,,,,,,,,,,1,1,,-2173.665743915547,,-2173.665743915547,,-2248.2528889086607,,-2248.2528889086607,-1151.5549945571456,-1151.5549945571456,-1151.5549945571456,-1151.5549945571456,,-1903.9741219966152,,-1903.9741219966152,-795.8333333333334,-795.8333333333334
2025-09-04,492.5285425,-0.0264477499999884,139989701.0,,,,30.57176382253122,,,,,,,,,,,0.0,0,,,,-0.0103822500000205,7420206313,7238500,NWIS,,,,,,,,,,,,,,,,,,,,,,,,,,,,,1,1,,-2089.011250994142,,-2089.011250994142,,-2160.8341418107484,,-2160.8341418107484,,-1149.9403254825247,,-1149.9403254825247,,-1829.9306839190483,,-1829.9306839190483,-645.8333333333334,-645.8333333333334
2025-09-05,492.534575,-0.020415249999985,140151595.25,,,,30.618417578368184,,,,,,,,,,,0.0,0,,,,-0.0043497500000171,7420206313,7238500,NWIS,,,,,,,,,,,,,,,,,,,,,,,,,,,,,1,1,,-2004.3649421382695,,-2004.3649421382695,,-2073.4141608647205,,-2073.4141608647205,,-1148.161247808088,,-1148.161247808088,,-1755.8872458414808,,-1755.8872458414808,-514.5833333333334,-514.5833333333334
2025-09-06,492.535083,-0.019907250000017,140210699.5,,,,30.622346315701485,,,,,,,,,,,0.0,0,,,,-0.0038417500000491,7420206313,7238500,NWIS,,,,,,,,,,,,,,,,,,,,,,,,,,,,,1,1,,-1919.7269777486329,,-1919.7269777486329,,-1985.9929693669285,,-1985.9929693669285,,-1146.2177614429493,,-1146.2177614429493,,-1681.8438077639148,,-1681.8438077639148,-466.6666666666667,-466.6666666666667
2025-09-07,492.5340035,-0.02098675000002,140187571.75,,,,30.61399774886751,,,,,,,,,,,0.0,0,,,,-0.0049212500000521,7420206313,7238500,NWIS,,,,,,,,,,,,,,,,,,,,,,,,,,,,,1,1,,-1835.0975182259317,,-1835.0975182259317,,-1898.5705906137143,,-1898.5705906137143,,-1144.1098662910315,,-1144.1098662910315,,-1607.800369686347,,-1607.800369686347,-485.4166666666667,-485.4166666666667
2025-09-08,492.5319715,-0.0230187500000056,140105339.75,,,,30.598282799533365,,,,,,,,,,,0.0,0,,,,-0.0069532500000377,7420206313,7238500,NWIS,,,,,,,,,,,,,,,,,,,,,,,,,,,,,1,1,,-1750.47672397087,,-1750.47672397087,,-1811.1470479014304,,-1811.1470479014304,,-1141.83756224826,,-1141.83756224826,,-1533.7569316087802,,-1533.7569316087802,-552.0833333333334,-552.0833333333334
2025-09-09,492.5337495000001,-0.0212407499998903,140174723.0,,,,30.61203338020181,,,,,,,,,,,0.0,0,,,,-0.0051752499999224,7420206313,7238500,NWIS,,,,,,,,,,,,,,,,,,,,,,,,,,,,,1,1,,-1665.8647553841463,,-1665.8647553841463,,-1723.7223645264276,,-1723.7223645264276,,-1139.4008492025714,,-1139.4008492025714,,-1459.7134935312151,,-1459.7134935312151,-495.8333333333333,-495.8333333333333
2025-09-10,492.537496,-0.017494250000027,140264664.25,,,,30.64100781803608,,,,,,,,,,,0.0,0,,,,-0.0014287500000591,7420206313,7238500,NWIS,,,,,,,,,,,,,,,,,,,,,,,,,,,,,1,1,,-1581.2617728664636,,-1581.2617728664636,,-1636.2965637850502,,-1636.2965637850502,,-1136.7997270368105,,-1136.7997270368105,,-1385.6700554536474,,-1385.6700554536474,-422.9166666666667,-422.9166666666667
2025-09-11,492.539147,-0.0158432499999889,140272373.5,-0.0620000000000109,-0.0461567500000219,0.0461567500000219,30.65377621437073,28.914249,-1.739527214370728,,,0.0,0.173,0.002,0.0,0.0,0.0,0.0,0,,,492.222,0.0002222499999788,7420206313,7238500,NWIS,0.022418,28.520011,,PID0,38.0,0.013635,-2.189784,-28.061054,-999.0,-0.002305,CANTON LAKE,0.008,0.001984,0.003168,36.122005,-98.607394,26.0946,492.253,,315.0,0.001646,0.119679,2025-09-11 11:12:23+00:00,810904380.437,-0.195732,-0.0622222499999898,0.002,-0.997575,1,0,-1496.667936818524,-1496.667936818524,-1496.667936818524,-1496.667936818524,-1548.869668973648,-1548.869668973648,-1548.869668973648,-1548.869668973648,,-1134.034195617378,,-1134.034195617378,-1311.6266173760805,-1311.6266173760805,-1311.6266173760805,-1311.6266173760805,-416.6666666666667,-416.6666666666667
2025-09-12,492.5397820000001,-0.0152082499998869,140300640.75,,,,30.65868713603878,,,,,,,,,,,0.0,0,,,,0.0008572500000809,7420206313,7238500,NWIS,,,,,,,,,,,,,,,,,,,,,,,,,,,,,1,1,,-1499.0847751693173,,-1499.0847751693173,,-1551.3675952244755,,-1551.3675952244755,,-1131.1042548141832,,-1131.1042548141832,,-1313.742144178249,,-1313.742144178249,-393.75,-393.75
2025-09-13,492.539274,-0.0157162500000254,140277513.0,,,,30.65475839870405,,,,,,,,,,,0.0,0,,,,0.0003492499999424,7420206313,7238500,NWIS,,,,,,,,,,,,,,,,,,,,,,,,,,,,,1,1,,-1501.5016211138145,,-1501.5016211138145,,-1553.8655206006624,,-1553.8655206006624,,-1128.0099044779272,,-1128.0099044779272,,-1315.8576709804163,,-1315.8576709804163,-412.5,-412.5
2025-09-14,492.53838500000006,-0.0166052499999409,140259524.75,,,,30.64788310837078,,,,,,,,,,,0.0,0,,,,-0.000539749999973,7420206313,7238500,NWIS,,,,,,,,,,,,,,,,,,,,,,,,,,,,,1,1,,-1503.9184746482706,,-1503.9184746482706,,-1556.3634451016596,,-1556.3634451016596,,-1124.7511444628851,,-1124.7511444628851,,-1317.973197782585,,-1317.973197782585,-427.0833333333333,-427.0833333333333
2025-09-15,492.54263950000006,-0.0123507499999391,140413709.75,,,,30.68078628353977,,,,,,,,,,,0.0,0,,,,0.0037147500000287,7420206313,7238500,NWIS,,,,,,,,,,,,,,,,,,,,,,,,,,,,,1,1,,-1506.3353357689512,,-1506.3353357689512,,-1558.8613687269262,,-1558.8613687269262,,-1121.3279746099051,,-1121.3279746099051,,-1320.0887245847523,,-1320.0887245847523,-302.0833333333333,-302.0833333333333
2025-09-16,492.54452984615386,-0.0104604038461388,140490209.23076922,,,,30.695405719579217,,,,,,,,,,,0.0,0,,,,0.0056050961538289,7420206313,7238500,NWIS,,,,,,,,,,,,,,,,,,,,,,,,,,,,,1,1,,-1508.7522044721154,,-1508.7522044721154,,-1561.35929147592,,-1561.35929147592,,-1117.740394740762,,-1117.740394740762,,-1322.204251386921,,-1322.204251386921,-240.0641025641137,-240.0641025641137
2025-09-17,492.5470945263158,-0.0078957236842143,140584260.0,,,,30.71524027607679,,,29.506056993117,-1.209183282959792,,,,,,,0.0,0,,100.0,,0.0081697763157535,7420206313,7238500,NWIS,,,,,,,,,,,,,,,,,,,,,,,,,,,,,1,1,,-1511.1690807540126,,-1511.1690807540126,,-1563.857213348094,,-1563.857213348094,-1113.9884046923162,-1113.9884046923162,-1113.9884046923162,-1113.9884046923162,,-1324.3197781890876,,-1324.3197781890876,-163.81578947368422,-163.81578947368422
2025-09-18,492.549561,-0.0054292500000201,140626999.0,,,,30.734315329710004,,,29.427437224862,-1.3068781048480034,,,,,,,0.0,0,,100.0,,0.0106362499999477,7420206313,7238500,NWIS,,,,,,,,,,,,,,,,,,,,,,,,,,,,,1,1,,-1513.5859646109147,,-1513.5859646109147,,-1566.3551343429071,,-1566.3551343429071,-843.5604958161439,-843.5604958161439,-843.5604958161439,-843.5604958161439,,-1326.435304991257,,-1326.435304991257,-129.16666666666666,-129.16666666666666
2025-09-19,492.5562285,0.0012382499999716,140840288.25,,,,30.785880007213592,,,,,,,,,,,0.0,0,,,,0.0173037499999395,7420206313,7238500,NWIS,,,,,,,,,,,,,,,,,,,,,,,,,,,,,1,1,,-1516.00285603907,,-1516.00285603907,,-1568.8530544598152,,-1568.8530544598152,,-1050.2041272412916,,-1050.2041272412916,,-1328.5508317934264,,-1328.5508317934264,43.75,43.75
2025-09-20,492.5582605,0.0032702500000141,140914811.0,,,,30.80159495654821,,,29.531680718909,-1.2699142376392132,,,,,,,0.0,0,,100.0,,0.019335749999982,7420206313,7238500,NWIS,,,,,,,,,,,,,,,,,,,,,,,,,,,,,1,1,,-1518.4197550347444,,-1518.4197550347444,,-1571.350973698277,,-1571.350973698277,-1149.2108003279957,-1149.2108003279957,-1149.2108003279957,-1149.2108003279957,,-1330.666358595593,,-1330.666358595593,104.16666666666669,104.16666666666669
2025-09-20,492.5582605,0.0032702500000141,140914811.0,,,,30.80159495654821,,,29.385404628893,-1.4161903276552117,,,,,,,0.0,0,,100.0,,0.019335749999982,7420206313,7238500,NWIS,,,,,,,,,,,,,,,,,,,,,,,,,,,,,1,1,,,,,,,,,-598.512035030828,-598.512035030828,-598.512035030828,-598.512035030828,,,,,104.16666666666669,104.16666666666669
2025-09-21,492.5604195,0.0054292500000201,140945648.0,-0.0629999999999872,-0.0684292500000074,0.0684292500000074,30.81829209021616,30.400604,-0.4176880902161599,,,0.0,0.141,0.002,0.0,0.0,0.0,0.0,0,,,492.221,0.021494749999988,7420206313,7238500,NWIS,0.026168,30.337743,,PID0,39.0,0.002068,-2.176016,-28.062395,-999.0,-0.011204,CANTON LAKE,0.013,0.001277,0.001339,36.122005,-98.607394,26.0946,492.253,,22.0,0.002225,0.081124,2025-09-21 20:22:16+00:00,811801373.972,-0.227217,-0.0844947499999753,0.001,0.143053,1,0,-1520.836661594195,-1520.836661594195,-1520.836661594195,-1520.836661594195,-1573.8488920577493,-1573.8488920577493,-1573.8488920577493,-1573.8488920577493,,-758.2464370372018,,-758.2464370372018,-1332.7818853977606,-1332.7818853977606,-1332.7818853977606,-1332.7818853977606,129.16666666666666,129.16666666666666
2025-09-22,492.562515,0.0075247500000159,140986764.0,0.0730000000000368,0.0654752500000208,0.0654752500000208,30.83449813171768,1.6306,-29.20389813171768,,,1.0,0.379,0.02,0.0,0.0,1.0,0.0,0,,,492.357,0.0235902499999838,7420206313,7238500,NWIS,0.002946,0.55015,,PID0,39.0,0.662609,-2.17211,-28.123396,-999.0,-0.003793,CANTON LAKE,0.002,-0.000726,-0.000209,36.122005,-98.607394,26.0946,492.253,,37.0,0.002228,0.011295,2025-09-22 09:35:13+00:00,811848950.952,-0.18039,0.0494097500000529,0.016,0.17819,1,0,1757.601442641726,1757.601442641726,1757.601442641726,1757.601442641726,1823.90507483108,1823.90507483108,1823.90507483108,1823.90507483108,,-891.232927080775,,-891.232927080775,1544.3345656193833,1544.3345656193833,1544.3345656193833,1544.3345656193833,162.5,162.5
2025-09-23,492.56772200000006,0.0127317500000572,141187204.5,,,,30.87476768938732,,,,,,,,,,,0.0,0,,,,0.028797250000025,7420206313,7238500,NWIS,,,,,,,,,,,,,,,,,,,,,,,,,,,,,1,1,,1647.0423522873552,,1647.0423522873552,,1708.9690991373773,,1708.9690991373773,,-997.47237065248,,-997.47237065248,,1447.0203327172458,,1447.0203327172458,325.0,325.0
2025-09-24,492.57204,0.0170497500000124,141356808.0,,,,30.90816195672321,,,,,,,,,,,0.0,0,,,,0.0331152499999802,7420206313,7238500,NWIS,,,,,,,,,,,,,,,,,,,,,,,,,,,,,1,1,,1536.4568629893784,,1536.4568629893784,,1594.0334737812373,,1594.0334737812373,,-1076.9655183898358,,-1076.9655183898358,,1349.7060998151082,,1349.7060998151082,462.5,462.5
2025-09-25,492.571151,0.0161607499999831,141320831.5,,,,30.901286666388987,,,29.515313035245,-1.3859736311439868,,,,,,,0.0,0,,100.0,,0.032226249999951,7420206313,7238500,NWIS,,,,,,,,,,,,,,,,,,,,,,,,,,,,,1,1,,1425.8453388938597,,1425.8453388938597,,1479.0982516506629,,1479.0982516506629,-1129.7129663500054,-1129.7129663500054,-1129.7129663500054,-1129.7129663500054,,1252.3918669129707,,1252.3918669129707,433.3333333333333,433.3333333333333
2025-09-26,492.5685475,0.0135572500000193,141215471.75,,,,30.881151887554168,,,,,,,,,,,0.0,0,,,,0.0296227499999872,7420206313,7238500,NWIS,,,,,,,,,,,,,,,,,,,,,,,,,,,,,1,1,,1315.2081441468708,,1315.2081441468708,,1364.163485633666,,1364.163485633666,,-1138.0992685753754,,-1138.0992685753754,,1155.077634010835,,1155.077634010835,347.9166666666667,347.9166666666667
2025-09-27,492.5646105,0.0096202500000117,141056147.25,,,,30.850704173218727,,,,,,,,,,,0.0,0,,,,0.0256857499999796,7420206313,7238500,NWIS,,,,,,,,,,,,,,,,,,,,,,,,,,,,,1,1,,1204.545642894478,,1204.545642894478,,1249.2292286182528,,1249.2292286182528,,-1145.0568147218985,,-1145.0568147218985,,1057.7634011086975,,1057.7634011086975,218.75,218.75
2025-09-28,492.5624515,0.0074612500000057,140986764.0,,,,30.83400703955078,,,23.642139155019,-7.191867884531781,,,,,,,0.0,0,,69.0,,0.0235267499999736,7420206313,7238500,NWIS,,,,,,,,,,,,,,,,,,,,,,,,,,,,,1,1,,1093.8581992827585,,1093.8581992827585,,1134.2955334924318,,1134.2955334924318,,-1150.5856077597618,,-1150.5856077597618,,960.4491682065582,,960.4491682065582,162.5,162.5
2025-09-29,492.5601020000001,0.0051117500000827,140981624.5,,,,30.81583662938356,,,,,,,,,,,0.0,0,,,,0.0211772500000506,7420206313,7238500,NWIS,,,,,,,,,,,,,,,,,,,,,,,,,,,,,1,1,,983.1461774577728,,983.1461774577728,,1019.3624531442129,,1019.3624531442129,,-1154.6856500731085,,-1154.6856500731085,,863.1349353044225,,863.1349353044225,158.33333333333334,158.33333333333334
2025-09-30,492.5580065000001,0.0030162500000869,140912241.25,,,,30.79963058788204,,,,,,,,,,,0.0,0,,,,0.0190817500000548,7420206313,7238500,NWIS,,,,,,,,,,,,,,,,,,,,,,,,,,,,,1,1,,872.4099415655928,,872.4099415655928,,904.430040461608,,904.430040461608,,-1157.3569434257242,,-1157.3569434257242,,765.8207024022868,,765.8207024022868,102.08333333333331,102.08333333333331
2025-10-01,492.55286300000006,-0.002127249999944,140734928.5,,,,30.759852122378824,,,,,,,,,,,0.0,0,,,,0.0139382500000238,7420206313,7238500,NWIS,,,,,,,,,,,,,,,,,,,,,,,,,,,,,1,1,,761.64985575229,,761.64985575229,,789.4983483326214,,789.4983483326214,,-1158.5994889651863,,-1158.5994889651863,,668.5064695001493,,668.5064695001493,-41.666666666666664,-41.666666666666664
2025-10-02,492.549561,-0.0054292500000201,140626999.0,0.0269999999999877,0.0324292500000078,0.0324292500000078,30.734315329710004,29.985089,-0.7492263297100052,,,0.0,0.183,0.002,0.0,0.0,0.0,0.0,0,,,492.311,0.0106362499999477,7420206313,7238500,NWIS,0.023821,29.943677,,PID0,39.0,0.001381,-2.188382,-28.059931,-999.0,-0.002054,CANTON LAKE,0.009,0.005862,0.005526,36.122005,-98.607394,26.0946,492.253,,315.0,0.002736,-0.06711,2025-10-02 07:57:27+00:00,812707084.766,-0.184116,0.0163637500000399,0.002,0.664597,1,0,650.8662841639289,650.8662841639289,650.8662841639289,650.8662841639289,674.5674296452635,674.5674296452635,674.5674296452635,674.5674296452635,,-1158.4132872370574,,-1158.4132872370574,571.1922365980117,571.1922365980117,571.1922365980117,571.1922365980117,-129.16666666666666,-129.16666666666666
2025-10-03,492.548672,-0.0063182499999925,140616720.0,,,,30.72744003937626,,,29.563354176879,-1.1640858624972594,,,,,,,0.0,0,,100.0,,0.0097472499999753,7420206313,7238500,NWIS,,,,,,,,,,,,,,,,,,,,,,,,,,,,,1,1,,,,,,,,,-1156.7983381523118,-1156.7983381523118,-1156.7983381523118,-1156.7983381523118,,,,,-137.5,-137.5
2025-10-04,492.547656,-0.0073342499999853,140616720.0,,,,30.719582564709185,,,,,,,,,,,0.0,0,,,,0.0087312499999825,7420206313,7238500,NWIS,,,,,,,,,,,,,,,,,,,,,,,,,,,,,1,1,,,,,,,,,,-1152.6542583649607,,-1152.6542583649607,,,,,-137.5,-137.5
2025-10-05,492.5298492631578,-0.0251409868421887,140016210.0,,,,30.581869982382777,,,29.508842450753,-1.0730275316297728,,,,,,,0.0,0,,100.0,,-0.0090754868422209,7420206313,7238500,NWIS,,,,,,,,,,,,,,,,,,,,,,,,,,,,,1,1,,,,,,,,,-1119.0775052780318,-1119.0775052780318,-1119.0775052780318,-1119.0775052780318,,,,,-624.3421052631579,-624.3421052631579
2025-10-06,492.5329875000001,-0.0220027499998991,140136176.75,,,,30.60614027420091,,,,,,,,,,,0.0,0,,,,-0.0059372499999312,7420206313,7238500,NWIS,,,,,,,,,,,,,,,,,,,,,,,,,,,,,1,1,,,,,,,,,,,,,,,,,-527.0833333333334,-527.0833333333334
2025-10-07,492.537242,-0.017748250000011,140249245.75,,,,30.639043449369428,,,,,,,,,,,0.0,0,,,,-0.0016827500000431,7420206313,7238500,NWIS,,,,,,,,,,,,,,,,,,,,,,,,,,,,,1,1,,,,,,,,,,,,,,,,,-435.4166666666667,-435.4166666666667
2025-10-08,492.5308285000001,-0.0241617499999051,140059084.25,,,,30.589443140533447,,,,,,,,,,,0.0,0,,,,-0.0080962499999373,7420206313,7238500,NWIS,,,,,,,,,,,,,,,,,,,,,,,,,,,,,1,1,,,,,,,,,,,,,,,,,-589.5833333333334,-589.5833333333334
2025-10-09,492.52606600000007,-0.0289242499999318,139876632.0,,,,30.552611228030205,,,,,,,,,,,0.0,0,,,,-0.0128587499999639,7420206313,7238500,NWIS,,,,,,,,,,,,,,,,,,,,,,,,,,,,,1,1,,,,,,,,,,,,,,,,,-737.5,-737.5
2025-10-10,492.5244041142858,-0.0305861357142021,139862535.08571428,,,,30.539758644467828,,,,,,,,,,,0.0,0,,,,-0.0145206357142342,7420206313,7238500,NWIS,,,,,,,,,,,,,,,,,,,,,,,,,,,,,1,1,,,,,,,,,,,,,,,,,-748.9285714285755,-748.9285714285755
